scope_type,scope,tensor_count,blocks,logical_values,e2m1_zero_values,dequant_zero_values,dequant_zero_pct,positive_zero_codes,negative_zero_codes,scale_induced_zero_values,zero_free_blocks,blocks_with_any_zero,blocks_with_any_zero_pct,all_zero_blocks,mean_zeros_per_block,zero_scale_blocks,negative_scale_blocks,nan_scale_blocks
overall,all_nvfp4,193,1149009920,18384158720,1461170821,1461170821,7.947988500612771,730618492,730552329,0,319706953,829302967,72.17544013893283,0,1.2716781600980434,0,0,0
projection,gate,64,356515840,5704253440,451537249,451537249,7.915799214559443,225770330,225766919,0,99676846,256838994,72.04139765571145,0,1.2665278743295107,0,0,0
projection,up,64,356515840,5704253440,454170694,454170694,7.961965553900775,227088497,227082197,0,98864091,257651749,72.26936929366168,0,1.273914488624124,0,0,0
projection,down,64,356515840,5704253440,453993356,453993356,7.958856680813958,227003679,226989677,0,99072452,257443388,72.21092560712029,0,1.2734170689302333,0,0,0
projection,lm_head,1,79462400,1271398400,101469522,101469522,7.980938311704655,50755986,50713536,0,22093564,57368836,72.19620348743557,0,1.2769501298727448,0,0,0
layer,layer_00,3,16711680,267386880,21037679,21037679,7.867880054548675,10518697,10518982,0,4697323,12014357,71.89197615081189,0,1.258860808727788,0,0,0
layer,layer_01,3,16711680,267386880,21096949,21096949,7.89004643758138,10553163,10543786,0,4683879,12027801,71.97242288028492,0,1.2624074300130208,0,0,0
layer,layer_02,3,16711680,267386880,21006911,21006911,7.8563731324438955,10498676,10508235,0,4714659,11997021,71.78824032054229,0,1.2570197011910234,0,0,0
layer,layer_03,3,16711680,267386880,20969244,20969244,7.842286053825827,10484825,10484419,0,4722331,11989349,71.74233230890012,0,1.2547657686121323,0,0,0
layer,layer_04,3,16711680,267386880,21021832,21021832,7.86195343615962,10510310,10511522,0,4708997,12002683,71.82212081609988,0,1.2579125497855392,0,0,0
layer,layer_05,3,16711680,267386880,21032933,21032933,7.866105098350375,10520025,10512908,0,4703377,12008303,71.85574999042586,0,1.25857681573606,0,0,0
layer,layer_06,3,16711680,267386880,21245520,21245520,7.945610495174632,10619364,10626156,0,4652486,12059194,72.16027353324142,0,1.2712976792279411,0,0,0
layer,layer_07,3,16711680,267386880,21063453,21063453,7.87751927095301,10528579,10534874,0,4690595,12021085,71.9322354185815,0,1.2604030833524815,0,0,0
layer,layer_08,3,16711680,267386880,21005924,21005924,7.856004004384957,10497822,10508102,0,4705108,12006572,71.8453919653799,0,1.2569606407015932,0,0,0
layer,layer_09,3,16711680,267386880,21006876,21006876,7.856360042796416,10503522,10503354,0,4710217,12001463,71.81482053270527,0,1.2570176068474264,0,0,0
layer,layer_10,3,16711680,267386880,21108760,21108760,7.894463632621017,10553657,10555103,0,4681977,12029703,71.9838041417739,0,1.2631141812193627,0,0,0
layer,layer_11,3,16711680,267386880,21013691,21013691,7.858908784155752,10504536,10509155,0,4702657,12009023,71.86005835439644,0,1.2574254054649203,0,0,0
layer,layer_12,3,16711680,267386880,21009761,21009761,7.857439003738702,10501414,10508347,0,4709131,12002549,71.82131898169423,0,1.2571902405981925,0,0,0
layer,layer_13,3,16711680,267386880,21049311,21049311,7.8722303053911995,10528310,10521001,0,4699757,12011923,71.87741148705577,0,1.259556848862592,0,0,0
layer,layer_14,3,16711680,267386880,21054662,21054662,7.874231525495941,10527749,10526913,0,4690770,12020910,71.9311882467831,0,1.2598770440793505,0,0,0
layer,layer_15,3,16711680,267386880,21067277,21067277,7.878949408437691,10530909,10536368,0,4694536,12017144,71.90865310968137,0,1.2606319053500306,0,0,0
layer,layer_16,3,16711680,267386880,21082895,21082895,7.884790383133233,10542996,10539899,0,4694920,12016760,71.90635531556373,0,1.2615664613013173,0,0,0
layer,layer_17,3,16711680,267386880,21086260,21086260,7.886048859240962,10540504,10545756,0,4686265,12025415,71.9581454407935,0,1.2617678174785538,0,0,0
layer,layer_18,3,16711680,267386880,21358326,21358326,7.987798802992877,10675390,10682936,0,4630391,12081289,72.29248645258885,0,1.2780478084788602,0,0,0
layer,layer_19,3,16711680,267386880,21171807,21171807,7.918042575611787,10587810,10583997,0,4663412,12048268,72.09489410998775,0,1.266886812097886,0,0,0
layer,layer_20,3,16711680,267386880,21114856,21114856,7.89674347522212,10557730,10557126,0,4680636,12031044,71.99182846966912,0,1.2634789560355393,0,0,0
layer,layer_21,3,16711680,267386880,21109819,21109819,7.894859687954772,10552030,10557789,0,4679240,12032440,72.00018190870098,0,1.2631775500727636,0,0,0
layer,layer_22,3,16711680,267386880,21240706,21240706,7.943810107661228,10624037,10616669,0,4647832,12063848,72.1881223192402,0,1.2710096172257965,0,0,0
layer,layer_23,3,16711680,267386880,21171607,21171607,7.917967777626187,10588945,10582662,0,4663808,12047872,72.09252450980392,0,1.26687484442019,0,0,0
layer,layer_24,3,16711680,267386880,21197796,21197796,7.927762199850643,10602993,10594803,0,4666852,12044828,72.07430970435048,0,1.268441951976103,0,0,0
layer,layer_25,3,16711680,267386880,21264753,21264753,7.952803443459904,10631433,10633320,0,4640657,12071023,72.23105636297488,0,1.2724485509535846,0,0,0
layer,layer_26,3,16711680,267386880,21341952,21341952,7.9816750919117645,10669362,10672590,0,4627905,12083775,72.30736227596508,0,1.2770680147058824,0,0,0
layer,layer_27,3,16711680,267386880,21315596,21315596,7.971818213369332,10655940,10659656,0,4626564,12085116,72.31538660386029,0,1.275490914139093,0,0,0
layer,layer_28,3,16711680,267386880,21328413,21328413,7.97661164227654,10667937,10660476,0,4626546,12085134,72.31549431295956,0,1.2762578627642462,0,0,0
layer,layer_29,3,16711680,267386880,21338314,21338314,7.980314516553692,10670715,10667599,0,4623722,12087958,72.33239267386642,0,1.2768503226485908,0,0,0
layer,layer_30,3,16711680,267386880,21392841,21392841,8.000707065357881,10694130,10698711,0,4615101,12096579,72.38397934857537,0,1.280113130457261,0,0,0
layer,layer_31,3,16711680,267386880,21394118,21394118,8.00118465049594,10696462,10697656,0,4613884,12097796,72.39126168045343,0,1.2801895440793505,0,0,0
layer,layer_32,3,16711680,267386880,21495113,21495113,8.038955763274549,10750237,10744876,0,4588281,12123399,72.54446590647979,0,1.2862329221239277,0,0,0
layer,layer_33,3,16711680,267386880,21531686,21531686,8.052633696911382,10765474,10766212,0,4581985,12129695,72.58214015586704,0,1.2884213915058211,0,0,0
layer,layer_34,3,16711680,267386880,21786700,21786700,8.148006364410998,10898646,10888054,0,4529987,12181693,72.89328780828738,0,1.3036810183057599,0,0,0
layer,layer_35,3,16711680,267386880,21430421,21430421,8.014761606852213,10716912,10713509,0,4608525,12103155,72.42332907284008,0,1.2823618570963542,0,0,0
layer,layer_36,3,16711680,267386880,21266731,21266731,7.953543195537493,10632344,10634387,0,4645194,12066486,72.20390768612133,0,1.2725669112859987,0,0,0
layer,layer_37,3,16711680,267386880,21198709,21198709,7.92810365265491,10603050,10595659,0,4654700,12056980,72.14702531403186,0,1.2684965844247855,0,0,0
layer,layer_38,3,16711680,267386880,21236971,21236971,7.942413255280139,10619725,10617246,0,4656913,12054767,72.13378307866115,0,1.2707861208448223,0,0,0
layer,layer_39,3,16711680,267386880,21110528,21110528,7.895124846813726,10554060,10556468,0,4679171,12032509,72.0005947935815,0,1.263219975490196,0,0,0
layer,layer_40,3,16711680,267386880,21224664,21224664,7.937810561236213,10614894,10609770,0,4651010,12060670,72.16910567938113,0,1.2700496897977942,0,0,0
layer,layer_41,3,16711680,267386880,21297014,21297014,7.964868732527191,10647645,10649369,0,4630870,12080810,72.28962019378064,0,1.2743789972043504,0,0,0
layer,layer_42,3,16711680,267386880,21387690,21387690,7.9987806432387405,10695881,10691809,0,4614830,12096850,72.38560096890319,0,1.2798049029181986,0,0,0
layer,layer_43,3,16711680,267386880,21319657,21319657,7.97333698646695,10660163,10659494,0,4627317,12084363,72.31088077320771,0,1.275733917834712,0,0,0
layer,layer_44,3,16711680,267386880,21328572,21328572,7.9766711066750915,10666278,10662294,0,4623904,12087776,72.33130361519608,0,1.2762673770680146,0,0,0
layer,layer_45,3,16711680,267386880,21320427,21320427,7.973624958711512,10659096,10661331,0,4623140,12088540,72.33587526807598,0,1.2757799933938418,0,0,0
layer,layer_46,3,16711680,267386880,21352748,21352748,7.9857126871744795,10676577,10676171,0,4624222,12087458,72.3294007544424,0,1.2777140299479166,0,0,0
layer,layer_47,3,16711680,267386880,21392495,21392495,8.000577664842792,10694250,10698245,0,4612867,12098813,72.39734724456189,0,1.2800924263748468,0,0,0
layer,layer_48,3,16711680,267386880,21456838,21456838,8.024641298780255,10729107,10727731,0,4598032,12113648,72.48611749387256,0,1.2839426078048406,0,0,0
layer,layer_49,3,16711680,267386880,21503174,21503174,8.041970496084176,10748165,10755009,0,4594726,12116954,72.50590006510417,0,1.2867152793734682,0,0,0
layer,layer_50,3,16711680,267386880,21767160,21767160,8.140698601217832,10884116,10883044,0,4528686,12182994,72.90107278262867,0,1.302511776194853,0,0,0
layer,layer_51,3,16711680,267386880,21498313,21498313,8.040152531044155,10746406,10751907,0,4588813,12122867,72.54128250421262,0,1.286424404967065,0,0,0
layer,layer_52,3,16711680,267386880,21350487,21350487,7.984867095947266,10679253,10671234,0,4628594,12083086,72.30323941099877,0,1.2775787353515624,0,0,0
layer,layer_53,3,16711680,267386880,21300444,21300444,7.966151517980239,10647993,10652451,0,4640420,12071260,72.23247453278186,0,1.2745842428768381,0,0,0
layer,layer_54,3,16711680,267386880,21368040,21368040,7.991431741153493,10683346,10684694,0,4625889,12085791,72.31942569508271,0,1.2786290785845589,0,0,0
layer,layer_55,3,16711680,267386880,21151040,21151040,7.9102759267769605,10576523,10574517,0,4679988,12031692,71.99570599724265,0,1.2656441482843137,0,0,0
layer,layer_56,3,16711680,267386880,21088459,21088459,7.886871263092639,10543412,10545047,0,4693662,12018018,71.91388298483456,0,1.2618994020948222,0,0,0
layer,layer_57,3,16711680,267386880,21082991,21082991,7.884826286166322,10541278,10541713,0,4686705,12024975,71.95551255170037,0,1.2615722057866114,0,0,0
layer,layer_58,3,16711680,267386880,21108887,21108887,7.894511129341874,10558744,10550143,0,4684184,12027496,71.97059780943627,0,1.2631217806946997,0,0,0
layer,layer_59,3,16711680,267386880,21127756,21127756,7.901567945293352,10565629,10562127,0,4681245,12030435,71.98818431181066,0,1.2642508712469362,0,0,0
layer,layer_60,3,16711680,267386880,21153157,21153157,7.911067663454542,10576200,10576957,0,4673022,12038658,72.0373894186581,0,1.2657708261527267,0,0,0
layer,layer_61,3,16711680,267386880,21181560,21181560,7.921690099379596,10594523,10587037,0,4665265,12046415,72.08380605660233,0,1.2674704159007353,0,0,0
layer,layer_62,3,16711680,267386880,21372221,21372221,7.992995393042471,10685080,10687141,0,4621742,12089938,72.34424067478554,0,1.2788792628867953,0,0,0
layer,layer_63,3,16711680,267386880,21809804,21809804,8.156647027707567,10907527,10902277,0,4513965,12197715,72.98916087431066,0,1.3050635244332107,0,0,0
layer,lm_head,1,79462400,1271398400,101469522,101469522,7.980938311704655,50755986,50713536,0,22093564,57368836,72.19620348743557,0,1.2769501298727448,0,0,0
tensor,lm_head,1,79462400,1271398400,101469522,101469522,7.980938311704655,50755986,50713536,0,22093564,57368836,72.19620348743557,0,1.2769501298727448,0,0,0
tensor,model.language_model.layers.0.mlp.down_proj,1,5570560,89128960,7047640,7047640,7.907239128561581,3523138,3524502,0,1555922,4014638,72.06884047564338,0,1.265158260569853,0,0,0
tensor,model.language_model.layers.0.mlp.gate_proj,1,5570560,89128960,6993925,6993925,7.846972521613626,3498942,3494983,0,1571626,3998934,71.78692985983456,0,1.2555156034581803,0,0,0
tensor,model.language_model.layers.0.mlp.up_proj,1,5570560,89128960,6996114,6996114,7.849428513470818,3496617,3499497,0,1569775,4000785,71.82015811695771,0,1.255908562155331,0,0,0
tensor,model.language_model.layers.1.mlp.down_proj,1,5570560,89128960,7086085,7086085,7.950373256907744,3543514,3542571,0,1547814,4022746,72.2143913717831,0,1.272059721105239,0,0,0
tensor,model.language_model.layers.1.mlp.gate_proj,1,5570560,89128960,7001074,7001074,7.854993483599494,3501730,3499344,0,1569302,4001258,71.8286491842831,0,1.256798957375919,0,0,0
tensor,model.language_model.layers.1.mlp.up_proj,1,5570560,89128960,7009790,7009790,7.864772572236903,3507919,3501871,0,1566763,4003797,71.8742280847886,0,1.2583636115579044,0,0,0
tensor,model.language_model.layers.10.mlp.down_proj,1,5570560,89128960,7049666,7049666,7.90951223934398,3527077,3522589,0,1559356,4011204,72.00719496783088,0,1.2655219582950368,0,0,0
tensor,model.language_model.layers.10.mlp.gate_proj,1,5570560,89128960,7021550,7021550,7.877966936896829,3511048,3510502,0,1564065,4006495,71.92266127642463,0,1.2604747099034928,0,0,0
tensor,model.language_model.layers.10.mlp.up_proj,1,5570560,89128960,7037544,7037544,7.895911721622243,3515532,3522012,0,1558556,4012004,72.02155618106617,0,1.2633458754595588,0,0,0
tensor,model.language_model.layers.11.mlp.down_proj,1,5570560,89128960,7021970,7021970,7.878438164206112,3511188,3510782,0,1565244,4005316,71.90149643841912,0,1.260550106272978,0,0,0
tensor,model.language_model.layers.11.mlp.gate_proj,1,5570560,89128960,6984878,6984878,7.8368220609777115,3489179,3495699,0,1572906,3997654,71.7639519186581,0,1.253891529756434,0,0,0
tensor,model.language_model.layers.11.mlp.up_proj,1,5570560,89128960,7006843,7006843,7.861466127283433,3504169,3502674,0,1564507,4006053,71.91472670611213,0,1.2578345803653492,0,0,0
tensor,model.language_model.layers.12.mlp.down_proj,1,5570560,89128960,7021521,7021521,7.877934399773093,3511707,3509814,0,1564771,4005789,71.90998750574448,0,1.2604695039636948,0,0,0
tensor,model.language_model.layers.12.mlp.gate_proj,1,5570560,89128960,6984530,6984530,7.836431615492877,3488987,3495543,0,1574983,3995577,71.72666661879596,0,1.2538290584788603,0,0,0
tensor,model.language_model.layers.12.mlp.up_proj,1,5570560,89128960,7003710,7003710,7.857950995950138,3500720,3502990,0,1569377,4001183,71.82730282054229,0,1.257272159352022,0,0,0
tensor,model.language_model.layers.13.mlp.down_proj,1,5570560,89128960,7030451,7030451,7.887953589944279,3514073,3516378,0,1561221,4009339,71.9737153894761,0,1.2620725743910846,0,0,0
tensor,model.language_model.layers.13.mlp.gate_proj,1,5570560,89128960,7003783,7003783,7.85803289974437,3504490,3499293,0,1570645,3999915,71.80454029756434,0,1.2572852639590992,0,0,0
tensor,model.language_model.layers.13.mlp.up_proj,1,5570560,89128960,7015077,7015077,7.8707044264849495,3509747,3505330,0,1567891,4002669,71.85397877412684,0,1.259312708237592,0,0,0
tensor,model.language_model.layers.14.mlp.down_proj,1,5570560,89128960,7018980,7018980,7.87508347455193,3509555,3509425,0,1562310,4008250,71.95416618795956,0,1.2600133559283089,0,0,0
tensor,model.language_model.layers.14.mlp.gate_proj,1,5570560,89128960,7006953,7006953,7.861589543959674,3504408,3502545,0,1567436,4003124,71.8621467141544,0,1.2578543270335478,0,0,0
tensor,model.language_model.layers.14.mlp.up_proj,1,5570560,89128960,7028729,7028729,7.886021557976218,3513786,3514943,0,1561024,4009536,71.97725183823529,0,1.2617634492761949,0,0,0
tensor,model.language_model.layers.15.mlp.down_proj,1,5570560,89128960,7037351,7037351,7.895695181453929,3517778,3519573,0,1560027,4010533,71.99514950022979,0,1.2633112290326287,0,0,0
tensor,model.language_model.layers.15.mlp.gate_proj,1,5570560,89128960,7001982,7001982,7.856012232163373,3498974,3503008,0,1571468,3999092,71.78976619944854,0,1.2569619571461397,0,0,0
tensor,model.language_model.layers.15.mlp.up_proj,1,5570560,89128960,7027944,7027944,7.885140811695772,3514157,3513787,0,1563041,4007519,71.94104362936581,0,1.2616225298713235,0,0,0
tensor,model.language_model.layers.16.mlp.down_proj,1,5570560,89128960,7040757,7040757,7.899516610538258,3519956,3520801,0,1562036,4008524,71.95908490349265,0,1.2639226576861213,0,0,0
tensor,model.language_model.layers.16.mlp.gate_proj,1,5570560,89128960,7014506,7014506,7.870063781738281,3507576,3506930,0,1568522,4002038,71.8426513671875,0,1.259210205078125,0,0,0
tensor,model.language_model.layers.16.mlp.up_proj,1,5570560,89128960,7027632,7027632,7.884790757123162,3515464,3512168,0,1564362,4006198,71.91732967601104,0,1.2615665211397058,0,0,0
tensor,model.language_model.layers.17.mlp.down_proj,1,5570560,89128960,7061275,7061275,7.9225371865665215,3530670,3530605,0,1554436,4016124,72.09551642922794,0,1.2676059498506433,0,0,0
tensor,model.language_model.layers.17.mlp.gate_proj,1,5570560,89128960,6998423,6998423,7.852019141702091,3497078,3501345,0,1570236,4000324,71.81188246783088,0,1.2563230626723345,0,0,0
tensor,model.language_model.layers.17.mlp.up_proj,1,5570560,89128960,7026562,7026562,7.883590249454274,3512756,3513806,0,1561593,4008967,71.96703742532169,0,1.2613744399126838,0,0,0
tensor,model.language_model.layers.18.mlp.down_proj,1,5570560,89128960,7211510,7211510,8.091096317066865,3603545,3607965,0,1525341,4045219,72.61781580307904,0,1.2945754107306986,0,0,0
tensor,model.language_model.layers.18.mlp.gate_proj,1,5570560,89128960,7071449,7071449,7.933952107149012,3535192,3536257,0,1554928,4015632,72.08668428308823,0,1.2694323371438418,0,0,0
tensor,model.language_model.layers.18.mlp.up_proj,1,5570560,89128960,7075367,7075367,7.9383479847627525,3536653,3538714,0,1550122,4020438,72.17295927159927,0,1.2701356775620405,0,0,0
tensor,model.language_model.layers.19.mlp.down_proj,1,5570560,89128960,7107158,7107158,7.974016526166131,3554539,3552619,0,1544848,4025712,72.26763556985294,0,1.2758426441865809,0,0,0
tensor,model.language_model.layers.19.mlp.gate_proj,1,5570560,89128960,7008461,7008461,7.863281474393957,3504230,3504231,0,1566385,4004175,71.88101375804229,0,1.2581250359030332,0,0,0
tensor,model.language_model.layers.19.mlp.up_proj,1,5570560,89128960,7056188,7056188,7.916829726275275,3529041,3527147,0,1552179,4018381,72.13603300206802,0,1.2666927562040442,0,0,0
tensor,model.language_model.layers.2.mlp.down_proj,1,5570560,89128960,7036073,7036073,7.894261304069968,3516642,3519431,0,1562024,4008536,71.95930032169117,0,1.2630818086511948,0,0,0
tensor,model.language_model.layers.2.mlp.gate_proj,1,5570560,89128960,6969229,6969229,7.81926435582778,3482378,3486851,0,1581377,3989183,71.61188462201287,0,1.2510822969324449,0,0,0
tensor,model.language_model.layers.2.mlp.up_proj,1,5570560,89128960,7001609,7001609,7.855593737433939,3499656,3501953,0,1571258,3999302,71.79353601792279,0,1.2568949979894302,0,0,0
tensor,model.language_model.layers.20.mlp.down_proj,1,5570560,89128960,7052106,7052106,7.912249845616958,3525385,3526721,0,1560588,4009972,71.98507869944854,0,1.2659599752987132,0,0,0
tensor,model.language_model.layers.20.mlp.gate_proj,1,5570560,89128960,6999893,6999893,7.853668437284582,3499257,3500636,0,1568560,4002000,71.84196920955883,0,1.256586949965533,0,0,0
tensor,model.language_model.layers.20.mlp.up_proj,1,5570560,89128960,7062857,7062857,7.924312142764821,3533088,3529769,0,1551488,4019072,72.1484375,0,1.2678899428423713,0,0,0
tensor,model.language_model.layers.21.mlp.down_proj,1,5570560,89128960,7051622,7051622,7.911706812241498,3525637,3525985,0,1557227,4013333,72.04541374655331,0,1.2658730899586397,0,0,0
tensor,model.language_model.layers.21.mlp.gate_proj,1,5570560,89128960,6998574,6998574,7.852188559139476,3497915,3500659,0,1570024,4000536,71.81568818933823,0,1.2563501694623163,0,0,0
tensor,model.language_model.layers.21.mlp.up_proj,1,5570560,89128960,7059623,7059623,7.920683692483341,3528478,3531145,0,1551989,4018571,72.1394437902114,0,1.2673093907973345,0,0,0
tensor,model.language_model.layers.22.mlp.down_proj,1,5570560,89128960,7120844,7120844,7.989371804630055,3562379,3558465,0,1542212,4028348,72.31495576746323,0,1.2782994887408088,0,0,0
tensor,model.language_model.layers.22.mlp.gate_proj,1,5570560,89128960,7020078,7020078,7.87631539737477,3510356,3509722,0,1563130,4007430,71.93944594439338,0,1.2602104635799631,0,0,0
tensor,model.language_model.layers.22.mlp.up_proj,1,5570560,89128960,7099784,7099784,7.9657431209788605,3551302,3548482,0,1542490,4028070,72.30996524586396,0,1.2745188993566177,0,0,0
tensor,model.language_model.layers.23.mlp.down_proj,1,5570560,89128960,7061194,7061194,7.922446307014017,3530186,3531008,0,1557026,4013534,72.04902200137867,0,1.2675914091222427,0,0,0
tensor,model.language_model.layers.23.mlp.gate_proj,1,5570560,89128960,7014365,7014365,7.869905583998737,3510123,3504242,0,1564491,4006069,71.91501393037684,0,1.2591848934397978,0,0,0
tensor,model.language_model.layers.23.mlp.up_proj,1,5570560,89128960,7096048,7096048,7.961551441865809,3548636,3547412,0,1542291,4028269,72.31353759765625,0,1.2738482306985295,0,0,0
tensor,model.language_model.layers.24.mlp.down_proj,1,5570560,89128960,7065148,7065148,7.926882575539982,3534612,3530536,0,1557622,4012938,72.03832289751838,0,1.268301212086397,0,0,0
tensor,model.language_model.layers.24.mlp.gate_proj,1,5570560,89128960,7016025,7016025,7.871768053840189,3510294,3505731,0,1568101,4002459,71.85020895565258,0,1.2594828886144303,0,0,0
tensor,model.language_model.layers.24.mlp.up_proj,1,5570560,89128960,7116623,7116623,7.98463597017176,3558087,3558536,0,1541129,4029431,72.33439725988052,0,1.2775417552274817,0,0,0
tensor,model.language_model.layers.25.mlp.down_proj,1,5570560,89128960,7065441,7065441,7.927211312686696,3532661,3532780,0,1553169,4017391,72.11826100068934,0,1.2683538100298712,0,0,0
tensor,model.language_model.layers.25.mlp.gate_proj,1,5570560,89128960,7047842,7047842,7.907465766457951,3523495,3524347,0,1557543,4013017,72.03974106732537,0,1.2651945226332721,0,0,0
tensor,model.language_model.layers.25.mlp.up_proj,1,5570560,89128960,7151470,7151470,8.023733251235065,3575277,3576193,0,1529945,4040615,72.53516702090992,0,1.2837973201976103,0,0,0
tensor,model.language_model.layers.26.mlp.down_proj,1,5570560,89128960,7104991,7104991,7.971585217644186,3552848,3552143,0,1545977,4024583,72.24736830767463,0,1.2754536348230698,0,0,0
tensor,model.language_model.layers.26.mlp.gate_proj,1,5570560,89128960,7064000,7064000,7.925594554227941,3529636,3534364,0,1555809,4014751,72.07086899701287,0,1.2680951286764706,0,0,0
tensor,model.language_model.layers.26.mlp.up_proj,1,5570560,89128960,7172961,7172961,8.047845503863167,3586878,3586083,0,1526119,4044441,72.60384952320771,0,1.2876552806181065,0,0,0
tensor,model.language_model.layers.27.mlp.down_proj,1,5570560,89128960,7090588,7090588,7.955425486845129,3544534,3546054,0,1546208,4024352,72.24322150735294,0,1.2728680778952206,0,0,0
tensor,model.language_model.layers.27.mlp.gate_proj,1,5570560,89128960,7058259,7058259,7.919153325697955,3528857,3529402,0,1554054,4016506,72.10237390854779,0,1.2670645321116727,0,0,0
tensor,model.language_model.layers.27.mlp.up_proj,1,5570560,89128960,7166749,7166749,8.040875827564912,3582549,3584200,0,1526302,4044258,72.60056439568015,0,1.286540132410386,0,0,0
tensor,model.language_model.layers.28.mlp.down_proj,1,5570560,89128960,7091194,7091194,7.956105400534237,3549125,3542069,0,1548287,4022273,72.20590030445771,0,1.272976864085478,0,0,0
tensor,model.language_model.layers.28.mlp.gate_proj,1,5570560,89128960,7073438,7073438,7.936183705049403,3536577,3536861,0,1550446,4020114,72.16714298023896,0,1.2697893928079045,0,0,0
tensor,model.language_model.layers.28.mlp.up_proj,1,5570560,89128960,7163781,7163781,8.03754582124598,3582235,3581546,0,1527813,4042747,72.57343965418198,0,1.2860073313993565,0,0,0
tensor,model.language_model.layers.29.mlp.down_proj,1,5570560,89128960,7078310,7078310,7.9416499418370865,3538261,3540049,0,1552872,4017688,72.12359260110294,0,1.2706639906939339,0,0,0
tensor,model.language_model.layers.29.mlp.gate_proj,1,5570560,89128960,7089837,7089837,7.954582887537339,3545581,3544256,0,1547265,4023295,72.22424675436581,0,1.2727332620059744,0,0,0
tensor,model.language_model.layers.29.mlp.up_proj,1,5570560,89128960,7170167,7170167,8.04471072028665,3586873,3583294,0,1523585,4046975,72.64933866613052,0,1.2871537152458639,0,0,0
tensor,model.language_model.layers.3.mlp.down_proj,1,5570560,89128960,6994822,6994822,7.847978928509881,3496825,3497997,0,1573524,3997036,71.75285788143383,0,1.2556766285615808,0,0,0
tensor,model.language_model.layers.3.mlp.gate_proj,1,5570560,89128960,6979821,6979821,7.831148259779987,3490303,3489518,0,1576041,3994519,71.70767391429229,0,1.2529837215647979,0,0,0
tensor,model.language_model.layers.3.mlp.up_proj,1,5570560,89128960,6994601,6994601,7.847730973187615,3497697,3496904,0,1572766,3997794,71.76646513097427,0,1.2556369557100184,0,0,0
tensor,model.language_model.layers.30.mlp.down_proj,1,5570560,89128960,7104606,7104606,7.971153259277344,3553542,3551064,0,1546120,4024440,72.24480124080883,0,1.275384521484375,0,0,0
tensor,model.language_model.layers.30.mlp.gate_proj,1,5570560,89128960,7104829,7104829,7.971403458539178,3551473,3553356,0,1545003,4025557,72.2648530847886,0,1.2754245533662685,0,0,0
tensor,model.language_model.layers.30.mlp.up_proj,1,5570560,89128960,7183406,7183406,8.059564478257123,3589115,3594291,0,1523978,4046582,72.64228372012867,0,1.2895303165211398,0,0,0
tensor,model.language_model.layers.31.mlp.down_proj,1,5570560,89128960,7112222,7112222,7.979698181152344,3553985,3558237,0,1544044,4026516,72.2820685891544,0,1.276751708984375,0,0,0
tensor,model.language_model.layers.31.mlp.gate_proj,1,5570560,89128960,7100570,7100570,7.96662498922909,3550181,3550389,0,1545459,4025101,72.25666719324448,0,1.2746599982766544,0,0,0
tensor,model.language_model.layers.31.mlp.up_proj,1,5570560,89128960,7181326,7181326,8.057230781106387,3592296,3589030,0,1524381,4046179,72.6350492589614,0,1.289156924977022,0,0,0
tensor,model.language_model.layers.32.mlp.down_proj,1,5570560,89128960,7165806,7165806,8.039817810058594,3585314,3580492,0,1528840,4041720,72.55500344669117,0,1.286370849609375,0,0,0
tensor,model.language_model.layers.32.mlp.gate_proj,1,5570560,89128960,7130233,7130233,7.9999059789321,3566310,3563923,0,1538999,4031561,72.37263399011948,0,1.2799849566291361,0,0,0
tensor,model.language_model.layers.32.mlp.up_proj,1,5570560,89128960,7199074,7199074,8.07714350083295,3598613,3600461,0,1520442,4050118,72.70576028262867,0,1.292342960133272,0,0,0
tensor,model.language_model.layers.33.mlp.down_proj,1,5570560,89128960,7165831,7165831,8.039845859303194,3581143,3584688,0,1530960,4039600,72.51694623161765,0,1.286375337488511,0,0,0
tensor,model.language_model.layers.33.mlp.gate_proj,1,5570560,89128960,7155503,7155503,8.028258155373965,3577400,3578103,0,1535740,4034820,72.43113798253677,0,1.2845213048598345,0,0,0
tensor,model.language_model.layers.33.mlp.up_proj,1,5570560,89128960,7210352,7210352,8.089797076056986,3606931,3603421,0,1515285,4055275,72.79833625344669,0,1.2943675321691177,0,0,0
tensor,model.language_model.layers.34.mlp.down_proj,1,5570560,89128960,7318944,7318944,8.211634018841911,3661810,3657134,0,1498261,4072299,73.10394287109375,0,1.313861443014706,0,0,0
tensor,model.language_model.layers.34.mlp.gate_proj,1,5570560,89128960,7217152,7217152,8.097426470588236,3608500,3608652,0,1523857,4046703,72.64445585363052,0,1.2955882352941177,0,0,0
tensor,model.language_model.layers.34.mlp.up_proj,1,5570560,89128960,7250604,7250604,8.134958603802849,3628336,3622268,0,1507869,4062691,72.93146470013787,0,1.301593376608456,0,0,0
tensor,model.language_model.layers.35.mlp.down_proj,1,5570560,89128960,7141358,7141358,8.012387892779183,3570768,3570590,0,1539551,4031009,72.36272475298713,0,1.2819820628446692,0,0,0
tensor,model.language_model.layers.35.mlp.gate_proj,1,5570560,89128960,7110508,7110508,7.977775124942555,3555737,3554771,0,1545104,4025456,72.26303998161765,0,1.276444019990809,0,0,0
tensor,model.language_model.layers.35.mlp.up_proj,1,5570560,89128960,7178555,7178555,8.054121802834903,3590407,3588148,0,1523870,4046690,72.64422248391544,0,1.2886594884535845,0,0,0
tensor,model.language_model.layers.36.mlp.down_proj,1,5570560,89128960,7073368,7073368,7.936105167164522,3535911,3537457,0,1550913,4019647,72.15875962201287,0,1.2697768267463236,0,0,0
tensor,model.language_model.layers.36.mlp.gate_proj,1,5570560,89128960,7069717,7069717,7.932008855483112,3535574,3534143,0,1555998,4014562,72.06747616038604,0,1.2691214168772977,0,0,0
tensor,model.language_model.layers.36.mlp.up_proj,1,5570560,89128960,7123646,7123646,7.992515563964844,3560859,3562787,0,1538283,4032277,72.38548727596508,0,1.278802490234375,0,0,0
tensor,model.language_model.layers.37.mlp.down_proj,1,5570560,89128960,7048041,7048041,7.907689038444968,3524647,3523394,0,1557916,4012644,72.0330451516544,0,1.2652302461511948,0,0,0
tensor,model.language_model.layers.37.mlp.gate_proj,1,5570560,89128960,7050528,7050528,7.910479377297794,3525569,3524959,0,1555906,4014654,72.0691276999081,0,1.265676700367647,0,0,0
tensor,model.language_model.layers.37.mlp.up_proj,1,5570560,89128960,7100140,7100140,7.9661425422219665,3552834,3547306,0,1540878,4029682,72.3389030905331,0,1.2745828067555147,0,0,0
tensor,model.language_model.layers.38.mlp.down_proj,1,5570560,89128960,7059794,7059794,7.920875549316406,3529469,3530325,0,1558018,4012542,72.0312140969669,0,1.267340087890625,0,0,0
tensor,model.language_model.layers.38.mlp.gate_proj,1,5570560,89128960,7056775,7056775,7.917488322538488,3531568,3525207,0,1558061,4012499,72.03044218175552,0,1.266798131606158,0,0,0
tensor,model.language_model.layers.38.mlp.up_proj,1,5570560,89128960,7120402,7120402,7.988875893985524,3558688,3561714,0,1540834,4029726,72.33969295726104,0,1.2782201430376838,0,0,0
tensor,model.language_model.layers.39.mlp.down_proj,1,5570560,89128960,7028016,7028016,7.885221593520221,3512758,3515258,0,1564093,4006467,71.9221586339614,0,1.2616354549632354,0,0,0
tensor,model.language_model.layers.39.mlp.gate_proj,1,5570560,89128960,7011700,7011700,7.866915534524357,3506849,3504851,0,1566055,4004505,71.88693775850184,0,1.258706485523897,0,0,0
tensor,model.language_model.layers.39.mlp.up_proj,1,5570560,89128960,7070812,7070812,7.9332374123966,3534453,3536359,0,1549023,4021537,72.19268798828125,0,1.2693179859834558,0,0,0
tensor,model.language_model.layers.4.mlp.down_proj,1,5570560,89128960,7005065,7005065,7.859471265007468,3502488,3502577,0,1571909,3998651,71.78184958065258,0,1.2575154024011947,0,0,0
tensor,model.language_model.layers.4.mlp.gate_proj,1,5570560,89128960,7000453,7000453,7.854296740363626,3500553,3499900,0,1571489,3999071,71.7893892176011,0,1.25668747845818,0,0,0
tensor,model.language_model.layers.4.mlp.up_proj,1,5570560,89128960,7016314,7016314,7.872092303107767,3507269,3509045,0,1565599,4004961,71.89512365004596,0,1.2595347684972427,0,0,0
tensor,model.language_model.layers.40.mlp.down_proj,1,5570560,89128960,7047714,7047714,7.907322154325597,3523663,3524051,0,1559832,4010728,71.99865004595588,0,1.2651715446920957,0,0,0
tensor,model.language_model.layers.40.mlp.gate_proj,1,5570560,89128960,7043823,7043823,7.902956569896025,3522535,3521288,0,1557613,4012947,72.03848446116729,0,1.264473051183364,0,0,0
tensor,model.language_model.layers.40.mlp.up_proj,1,5570560,89128960,7133127,7133127,8.003152959487018,3568696,3564431,0,1533565,4036995,72.47018253102021,0,1.2805044735179227,0,0,0
tensor,model.language_model.layers.41.mlp.down_proj,1,5570560,89128960,7067130,7067130,7.9291063196518845,3535615,3531515,0,1554262,4016298,72.09863999310662,0,1.2686570111443014,0,0,0
tensor,model.language_model.layers.41.mlp.gate_proj,1,5570560,89128960,7071234,7071234,7.933710883645451,3534951,3536283,0,1550471,4020089,72.16669419232537,0,1.269393741383272,0,0,0
tensor,model.language_model.layers.41.mlp.up_proj,1,5570560,89128960,7158650,7158650,8.031788994284238,3577079,3581571,0,1526137,4044423,72.60352639590992,0,1.285086239085478,0,0,0
tensor,model.language_model.layers.42.mlp.down_proj,1,5570560,89128960,7100921,7100921,7.9670188006232765,3550832,3550089,0,1545683,4024877,72.2526460535386,0,1.2747230080997243,0,0,0
tensor,model.language_model.layers.42.mlp.gate_proj,1,5570560,89128960,7104612,7104612,7.971159991096048,3554041,3550571,0,1546204,4024356,72.24329331341912,0,1.2753855985753677,0,0,0
tensor,model.language_model.layers.42.mlp.up_proj,1,5570560,89128960,7182157,7182157,8.058163137996898,3591008,3591149,0,1522943,4047617,72.66086353975184,0,1.2893061020795036,0,0,0
tensor,model.language_model.layers.43.mlp.down_proj,1,5570560,89128960,7085110,7085110,7.9492793363683365,3543843,3541267,0,1549674,4020886,72.18100155101104,0,1.2718846938189339,0,0,0
tensor,model.language_model.layers.43.mlp.gate_proj,1,5570560,89128960,7080953,7080953,7.944615307976218,3539492,3541461,0,1548653,4021907,72.19933004940258,0,1.2711384492761948,0,0,0
tensor,model.language_model.layers.43.mlp.up_proj,1,5570560,89128960,7153594,7153594,8.026116315056296,3576828,3576766,0,1528990,4041570,72.55231071920956,0,1.2841786104090074,0,0,0
tensor,model.language_model.layers.44.mlp.down_proj,1,5570560,89128960,7093776,7093776,7.959002326516544,3547353,3546423,0,1545288,4025272,72.25973690257354,0,1.273440372242647,0,0,0
tensor,model.language_model.layers.44.mlp.gate_proj,1,5570560,89128960,7084562,7084562,7.948664496926701,3545092,3539470,0,1547690,4022870,72.21661735983456,0,1.2717863195082721,0,0,0
tensor,model.language_model.layers.44.mlp.up_proj,1,5570560,89128960,7150234,7150234,8.022346496582031,3573833,3576401,0,1530926,4039634,72.51755658318015,0,1.283575439453125,0,0,0
tensor,model.language_model.layers.45.mlp.down_proj,1,5570560,89128960,7075647,7075647,7.938662136302275,3536918,3538729,0,1550904,4019656,72.15892118566177,0,1.2701859418083639,0,0,0
tensor,model.language_model.layers.45.mlp.gate_proj,1,5570560,89128960,7093205,7093205,7.958361681769876,3547634,3545571,0,1545603,4024957,72.25408217486213,0,1.2733378690831803,0,0,0
tensor,model.language_model.layers.45.mlp.up_proj,1,5570560,89128960,7151575,7151575,8.023851058062386,3574544,3577031,0,1526633,4043927,72.59462244370404,0,1.2838161692899817,0,0,0
tensor,model.language_model.layers.46.mlp.down_proj,1,5570560,89128960,7104636,7104636,7.971186918370864,3552655,3551981,0,1545039,4025521,72.26420683019302,0,1.2753899069393382,0,0,0
tensor,model.language_model.layers.46.mlp.gate_proj,1,5570560,89128960,7090774,7090774,7.955634173224954,3544008,3546766,0,1548412,4022148,72.20365636488971,0,1.2729014677159927,0,0,0
tensor,model.language_model.layers.46.mlp.up_proj,1,5570560,89128960,7157338,7157338,8.03031696992762,3579914,3577424,0,1530771,4039789,72.52033906824448,0,1.2848507151884192,0,0,0
tensor,model.language_model.layers.47.mlp.down_proj,1,5570560,89128960,7122394,7122394,7.991110857795267,3558872,3563522,0,1539089,4031471,72.37101835363052,0,1.2785777372472427,0,0,0
tensor,model.language_model.layers.47.mlp.gate_proj,1,5570560,89128960,7099267,7099267,7.965163062600529,3550446,3548821,0,1547007,4023553,72.22887824563419,0,1.2744260900160846,0,0,0
tensor,model.language_model.layers.47.mlp.up_proj,1,5570560,89128960,7170834,7170834,8.045459074132582,3584932,3585902,0,1526771,4043789,72.59214513442096,0,1.2872734518612132,0,0,0
tensor,model.language_model.layers.48.mlp.down_proj,1,5570560,89128960,7162802,7162802,8.036447412827435,3580190,3582612,0,1529404,4041156,72.54487879136029,0,1.2858315860523897,0,0,0
tensor,model.language_model.layers.48.mlp.gate_proj,1,5570560,89128960,7124536,7124536,7.9935141170726105,3563404,3561132,0,1541258,4029302,72.33208151424633,0,1.2789622587316176,0,0,0
tensor,model.language_model.layers.48.mlp.up_proj,1,5570560,89128960,7169500,7169500,8.043962366440716,3585513,3583987,0,1527370,4043190,72.58139217601104,0,1.2870339786305147,0,0,0
tensor,model.language_model.layers.49.mlp.down_proj,1,5570560,89128960,7165866,7165866,8.039885128245635,3579036,3586830,0,1532630,4037930,72.48696719898896,0,1.2863816205193015,0,0,0
tensor,model.language_model.layers.49.mlp.gate_proj,1,5570560,89128960,7161481,7161481,8.034965290742761,3581623,3579858,0,1535667,4034893,72.43244844324448,0,1.2855944465188418,0,0,0
tensor,model.language_model.layers.49.mlp.up_proj,1,5570560,89128960,7175827,7175827,8.051061069264131,3587506,3588321,0,1526429,4044131,72.59828455307904,0,1.288169771082261,0,0,0
tensor,model.language_model.layers.5.mlp.down_proj,1,5570560,89128960,7013175,7013175,7.868570439955768,3509672,3503503,0,1566721,4003839,71.87498204848346,0,1.2589712703929228,0,0,0
tensor,model.language_model.layers.5.mlp.gate_proj,1,5570560,89128960,6997901,6997901,7.851433473474839,3499765,3498136,0,1571173,3999387,71.79506189682904,0,1.2562293557559743,0,0,0
tensor,model.language_model.layers.5.mlp.up_proj,1,5570560,89128960,7021857,7021857,7.878311381620519,3510588,3511269,0,1565483,4005077,71.89720602596508,0,1.260529821059283,0,0,0
tensor,model.language_model.layers.50.mlp.down_proj,1,5570560,89128960,7284281,7284281,8.172743180218864,3641056,3643225,0,1503343,4067217,73.01271326401654,0,1.3076389088350184,0,0,0
tensor,model.language_model.layers.50.mlp.gate_proj,1,5570560,89128960,7238536,7238536,8.12141867244945,3620145,3618391,0,1516870,4053690,72.76988309972427,0,1.2994269875919118,0,0,0
tensor,model.language_model.layers.50.mlp.up_proj,1,5570560,89128960,7244343,7244343,8.12793395098518,3622915,3621428,0,1508473,4062087,72.92062198414521,0,1.3004694321576287,0,0,0
tensor,model.language_model.layers.51.mlp.down_proj,1,5570560,89128960,7183221,7183221,8.059356913847083,3589492,3593729,0,1528272,4042288,72.56519990808823,0,1.2894971062155332,0,0,0
tensor,model.language_model.layers.51.mlp.gate_proj,1,5570560,89128960,7149169,7149169,8.021151598762064,3573215,3575954,0,1534987,4035573,72.44465547449448,0,1.2833842558019302,0,0,0
tensor,model.language_model.layers.51.mlp.up_proj,1,5570560,89128960,7165923,7165923,8.039949080523323,3583699,3582224,0,1525554,4045006,72.61399213005515,0,1.2863918528837317,0,0,0
tensor,model.language_model.layers.52.mlp.down_proj,1,5570560,89128960,7109423,7109423,7.976557787726907,3555680,3553743,0,1546682,4023878,72.23471248851104,0,1.276249246036305,0,0,0
tensor,model.language_model.layers.52.mlp.gate_proj,1,5570560,89128960,7109641,7109641,7.976802377139821,3554883,3554758,0,1545646,4024914,72.25331025965073,0,1.2762883803423712,0,0,0
tensor,model.language_model.layers.52.mlp.up_proj,1,5570560,89128960,7131423,7131423,8.001241122975069,3568690,3562733,0,1536266,4034294,72.42169548483456,0,1.2801985796760111,0,0,0
tensor,model.language_model.layers.53.mlp.down_proj,1,5570560,89128960,7120403,7120403,7.988877015955308,3559678,3560725,0,1542107,4028453,72.31684067670037,0,1.2782203225528492,0,0,0
tensor,model.language_model.layers.53.mlp.gate_proj,1,5570560,89128960,7081612,7081612,7.945354686063879,3539839,3541773,0,1551750,4018810,72.14373420266544,0,1.2712567497702205,0,0,0
tensor,model.language_model.layers.53.mlp.up_proj,1,5570560,89128960,7098429,7098429,7.96422285192153,3548476,3549953,0,1546563,4023997,72.23684871897979,0,1.2742756563074449,0,0,0
tensor,model.language_model.layers.54.mlp.down_proj,1,5570560,89128960,7158502,7158502,8.031622942756204,3579868,3578634,0,1534863,4035697,72.44688146254596,0,1.2850596708409927,0,0,0
tensor,model.language_model.layers.54.mlp.gate_proj,1,5570560,89128960,7094521,7094521,7.95983819400563,3545715,3548806,0,1550007,4020553,72.17502369600184,0,1.2735741110409007,0,0,0
tensor,model.language_model.layers.54.mlp.up_proj,1,5570560,89128960,7115017,7115017,7.982834086698644,3557763,3557254,0,1541019,4029541,72.33637192670037,0,1.277253453871783,0,0,0
tensor,model.language_model.layers.55.mlp.down_proj,1,5570560,89128960,7055997,7055997,7.91661543004653,3529784,3526213,0,1559072,4011488,72.0122931985294,0,1.266658468807445,0,0,0
tensor,model.language_model.layers.55.mlp.gate_proj,1,5570560,89128960,7043044,7043044,7.9020825554342835,3520269,3522775,0,1562450,4008110,71.95165297564338,0,1.2643332088694852,0,0,0
tensor,model.language_model.layers.55.mlp.up_proj,1,5570560,89128960,7051999,7051999,7.912129794850069,3526470,3525529,0,1558466,4012094,72.02317181755515,0,1.265940767176011,0,0,0
tensor,model.language_model.layers.56.mlp.down_proj,1,5570560,89128960,7033704,7033704,7.891603357651654,3516616,3517088,0,1564071,4006489,71.92255356732537,0,1.2626565372242646,0,0,0
tensor,model.language_model.layers.56.mlp.gate_proj,1,5570560,89128960,7016743,7016743,7.872573628145106,3507873,3508870,0,1568227,4002333,71.84794706456802,0,1.259611780503217,0,0,0
tensor,model.language_model.layers.56.mlp.up_proj,1,5570560,89128960,7038012,7038012,7.8964368034811585,3518923,3519089,0,1561364,4009196,71.97114832261029,0,1.2634298885569852,0,0,0
tensor,model.language_model.layers.57.mlp.down_proj,1,5570560,89128960,7025787,7025787,7.882720722871668,3512390,3513397,0,1564799,4005761,71.90948486328125,0,1.261235315659467,0,0,0
tensor,model.language_model.layers.57.mlp.gate_proj,1,5570560,89128960,7013847,7013847,7.86932440365062,3506713,3507134,0,1566439,4004121,71.8800443761489,0,1.2590919045840994,0,0,0
tensor,model.language_model.layers.57.mlp.up_proj,1,5570560,89128960,7043357,7043357,7.902433731976678,3522175,3521182,0,1555467,4015093,72.07700841567096,0,1.2643893971162683,0,0,0
tensor,model.language_model.layers.58.mlp.down_proj,1,5570560,89128960,7032383,7032383,7.890121235566981,3517324,3515059,0,1562468,4008092,71.9513298483456,0,1.262419397690717,0,0,0
tensor,model.language_model.layers.58.mlp.gate_proj,1,5570560,89128960,7019658,7019658,7.875844170065487,3508867,3510791,0,1567261,4003299,71.86528822954963,0,1.2601350672104779,0,0,0
tensor,model.language_model.layers.58.mlp.up_proj,1,5570560,89128960,7056846,7056846,7.917567982393153,3532553,3524293,0,1554455,4016105,72.0951753504136,0,1.2668108771829043,0,0,0
tensor,model.language_model.layers.59.mlp.down_proj,1,5570560,89128960,7040691,7040691,7.899442560532513,3521254,3519437,0,1558985,4011575,72.01385498046875,0,1.2639108096852023,0,0,0
tensor,model.language_model.layers.59.mlp.gate_proj,1,5570560,89128960,7035526,7035526,7.8936475865981155,3520060,3515466,0,1564848,4005712,71.9086052389706,0,1.2629836138556985,0,0,0
tensor,model.language_model.layers.59.mlp.up_proj,1,5570560,89128960,7051539,7051539,7.9116136887494255,3524315,3527224,0,1557412,4013148,72.04209271599265,0,1.2658581901999082,0,0,0
tensor,model.language_model.layers.6.mlp.down_proj,1,5570560,89128960,7143166,7143166,8.014416414148668,3571367,3571799,0,1540022,4030538,72.35426958869485,0,1.2823066262637868,0,0,0
tensor,model.language_model.layers.6.mlp.gate_proj,1,5570560,89128960,7037575,7037575,7.895946502685547,3517033,3520542,0,1561274,4009286,71.97276395909927,0,1.2633514404296875,0,0,0
tensor,model.language_model.layers.6.mlp.up_proj,1,5570560,89128960,7064779,7064779,7.926468568689683,3530964,3533815,0,1551190,4019370,72.15378705193015,0,1.2682349709903493,0,0,0
tensor,model.language_model.layers.60.mlp.down_proj,1,5570560,89128960,7063285,7063285,7.924792345832376,3532766,3530519,0,1552670,4017890,72.12721880744485,0,1.2679667753331803,0,0,0
tensor,model.language_model.layers.60.mlp.gate_proj,1,5570560,89128960,7047592,7047592,7.907185274011948,3524420,3523172,0,1561784,4008776,71.96360868566177,0,1.2651496438419119,0,0,0
tensor,model.language_model.layers.60.mlp.up_proj,1,5570560,89128960,7042280,7042280,7.901225370519302,3519014,3523266,0,1558568,4011992,72.02134076286765,0,1.2641960592830883,0,0,0
tensor,model.language_model.layers.61.mlp.down_proj,1,5570560,89128960,7067704,7067704,7.929750330307904,3535836,3531868,0,1551292,4019268,72.15195599724265,0,1.2687600528492646,0,0,0
tensor,model.language_model.layers.61.mlp.gate_proj,1,5570560,89128960,7069153,7069153,7.931376064524931,3533492,3535661,0,1556041,4014519,72.06670424517463,0,1.269020170323989,0,0,0
tensor,model.language_model.layers.61.mlp.up_proj,1,5570560,89128960,7044703,7044703,7.903943903305951,3525195,3519508,0,1557932,4012628,72.03275792738971,0,1.2646310245289523,0,0,0
tensor,model.language_model.layers.62.mlp.down_proj,1,5570560,89128960,7231642,7231642,8.113683812758502,3615374,3616268,0,1511891,4058669,72.85926370059742,0,1.2981894100413602,0,0,0
tensor,model.language_model.layers.62.mlp.gate_proj,1,5570560,89128960,7093340,7093340,7.9585131476907165,3546699,3546641,0,1551070,4019490,72.15594123391544,0,1.2733621036305147,0,0,0
tensor,model.language_model.layers.62.mlp.up_proj,1,5570560,89128960,7047239,7047239,7.906789218678194,3523007,3524232,0,1558781,4011779,72.01751708984375,0,1.265086274988511,0,0,0
tensor,model.language_model.layers.63.mlp.down_proj,1,5570560,89128960,7609335,7609335,8.53744394638959,3806341,3802994,0,1419644,4150916,74.51523724724265,0,1.3659910314223345,0,0,0
tensor,model.language_model.layers.63.mlp.gate_proj,1,5570560,89128960,7121374,7121374,7.989966448615579,3562362,3559012,0,1543730,4026830,72.28770536534927,0,1.2783946317784927,0,0,0
tensor,model.language_model.layers.63.mlp.up_proj,1,5570560,89128960,7079095,7079095,7.942530688117532,3538824,3540271,0,1550591,4019969,72.16454001034008,0,1.2708049100988053,0,0,0
tensor,model.language_model.layers.7.mlp.down_proj,1,5570560,89128960,7018964,7018964,7.875065523035386,3509179,3509785,0,1566502,4004058,71.87891343060662,0,1.2600104836856618,0,0,0
tensor,model.language_model.layers.7.mlp.gate_proj,1,5570560,89128960,7003696,7003696,7.857935288373162,3501140,3502556,0,1566835,4003725,71.87293557559742,0,1.257269646139706,0,0,0
tensor,model.language_model.layers.7.mlp.up_proj,1,5570560,89128960,7040793,7040793,7.899557001450482,3518260,3522533,0,1557258,4013302,72.04485724954044,0,1.2639291202320773,0,0,0
tensor,model.language_model.layers.8.mlp.down_proj,1,5570560,89128960,7001851,7001851,7.855865254121668,3499825,3502026,0,1568679,4001881,71.83983297909008,0,1.2569384406594668,0,0,0
tensor,model.language_model.layers.8.mlp.gate_proj,1,5570560,89128960,6985682,6985682,7.837724124684053,3491646,3494036,0,1573043,3997517,71.76149256089154,0,1.2540358599494486,0,0,0
tensor,model.language_model.layers.8.mlp.up_proj,1,5570560,89128960,7018391,7018391,7.87442263434915,3506351,3512040,0,1563386,4007174,71.9348503561581,0,1.259907621495864,0,0,0
tensor,model.language_model.layers.9.mlp.down_proj,1,5570560,89128960,7004098,7004098,7.858386320226333,3503530,3500568,0,1567877,4002683,71.85423009535846,0,1.2573418112362131,0,0,0
tensor,model.language_model.layers.9.mlp.gate_proj,1,5570560,89128960,6993349,6993349,7.846326267018037,3496648,3496701,0,1573819,3996741,71.74756218405331,0,1.255412202722886,0,0,0
tensor,model.language_model.layers.9.mlp.up_proj,1,5570560,89128960,7009429,7009429,7.864367541144876,3503344,3506085,0,1568521,4002039,71.84266931870404,0,1.2582988065831802,0,0,0
